global_idx,sub_idx,frame_idx,name,top_sc_px,bot_sc_px,end_ed_px,sc_thickness_mm,ed_thickness_mm,total_thickness_mm,surface_disp_mm
1,0,1,0_1,72.421875,79.462890625,114.1650390625,0.035205078125,0.1735107421875,0.2087158203125,0
2,0,2,0_2,73.427734375,79.462890625,113.1591796875,0.03017578125,0.1684814453125,0.1986572265625,0.005029296875
3,0,3,0_3,73.427734375,80.46875,111.1474609375,0.035205078125,0.1533935546875,0.1885986328125,0.005029296875
4,0,4,0_4,72.9248046875,79.462890625,111.650390625,0.0326904296875,0.1609375,0.1936279296875,0.0025146484375
5,0,5,0_5,72.421875,78.9599609375,114.1650390625,0.0326904296875,0.176025390625,0.2087158203125,0
6,0,6,0_6,72.421875,78.45703125,113.662109375,0.03017578125,0.176025390625,0.206201171875,0
7,0,7,0_7,72.421875,78.45703125,115.1708984375,0.03017578125,0.1835693359375,0.2137451171875,0
8,0,8,0_8,72.421875,79.462890625,115.1708984375,0.035205078125,0.1785400390625,0.2137451171875,0
9,0,9,0_9,72.421875,79.462890625,112.65625,0.035205078125,0.165966796875,0.201171875,0
10,0,10,0_10,72.421875,79.462890625,111.650390625,0.035205078125,0.1609375,0.196142578125,0
11,0,11,0_11,72.421875,78.45703125,113.1591796875,0.03017578125,0.1735107421875,0.2036865234375,0
12,0,12,0_12,72.9248046875,78.9599609375,114.66796875,0.03017578125,0.1785400390625,0.2087158203125,0.0025146484375
13,0,13,0_13,72.9248046875,78.45703125,114.1650390625,0.0276611328125,0.1785400390625,0.206201171875,0.0025146484375
14,0,14,0_14,72.9248046875,78.9599609375,113.1591796875,0.03017578125,0.17099609375,0.201171875,0.0025146484375
15,0,15,0_15,72.421875,78.9599609375,115.673828125,0.0326904296875,0.1835693359375,0.216259765625,0
16,0,16,0_16,72.421875,78.45703125,113.1591796875,0.03017578125,0.1735107421875,0.2036865234375,0
17,0,17,0_17,72.421875,78.9599609375,116.1767578125,0.0326904296875,0.186083984375,0.2187744140625,0
18,0,18,0_18,73.427734375,79.462890625,114.1650390625,0.03017578125,0.1735107421875,0.2036865234375,0.005029296875
19,0,19,0_19,72.421875,78.45703125,115.1708984375,0.03017578125,0.1835693359375,0.2137451171875,0
20,0,20,0_20,72.421875,79.462890625,115.1708984375,0.035205078125,0.1785400390625,0.2137451171875,0
21,0,21,0_21,76.4453125,82.48046875,114.66796875,0.03017578125,0.1609375,0.19111328125,0.0201171875
22,0,22,0_22,78.45703125,85.498046875,117.685546875,0.035205078125,0.1609375,0.196142578125,0.03017578125
23,0,23,0_23,79.9658203125,86.50390625,116.1767578125,0.0326904296875,0.1483642578125,0.1810546875,0.0377197265625
24,0,24,0_24,81.474609375,88.515625,119.697265625,0.035205078125,0.155908203125,0.19111328125,0.045263671875
25,0,25,0_25,81.9775390625,89.521484375,121.708984375,0.0377197265625,0.1609375,0.1986572265625,0.0477783203125
26,0,26,0_26,83.486328125,90.52734375,119.697265625,0.035205078125,0.145849609375,0.1810546875,0.055322265625
27,0,27,0_27,83.486328125,90.52734375,119.697265625,0.035205078125,0.145849609375,0.1810546875,0.055322265625
28,0,28,0_28,84.4921875,91.533203125,122.2119140625,0.035205078125,0.1533935546875,0.1885986328125,0.0603515625
29,0,29,0_29,84.4921875,91.0302734375,121.2060546875,0.0326904296875,0.15087890625,0.1835693359375,0.0603515625
30,0,30,0_30,85.498046875,92.0361328125,120.703125,0.0326904296875,0.1433349609375,0.176025390625,0.065380859375
31,0,31,0_31,85.498046875,92.5390625,123.2177734375,0.035205078125,0.1533935546875,0.1885986328125,0.065380859375
32,0,32,0_32,87.0068359375,93.544921875,121.708984375,0.0326904296875,0.1408203125,0.1735107421875,0.0729248046875
33,0,33,0_33,87.0068359375,93.544921875,121.708984375,0.0326904296875,0.1408203125,0.1735107421875,0.0729248046875
34,0,34,0_34,87.509765625,94.0478515625,121.708984375,0.0326904296875,0.1383056640625,0.17099609375,0.075439453125
35,0,35,0_35,87.509765625,94.55078125,120.703125,0.035205078125,0.13076171875,0.165966796875,0.075439453125
36,0,36,0_36,88.0126953125,94.55078125,123.2177734375,0.0326904296875,0.1433349609375,0.176025390625,0.0779541015625
37,0,37,0_37,87.509765625,94.55078125,123.2177734375,0.035205078125,0.1433349609375,0.1785400390625,0.075439453125
38,0,38,0_38,88.0126953125,94.55078125,122.71484375,0.0326904296875,0.1408203125,0.1735107421875,0.0779541015625
39,0,39,0_39,88.515625,94.55078125,123.2177734375,0.03017578125,0.1433349609375,0.1735107421875,0.08046875
40,0,40,0_40,87.509765625,94.55078125,120.703125,0.035205078125,0.13076171875,0.165966796875,0.075439453125
41,0,41,0_41,88.0126953125,94.55078125,122.2119140625,0.0326904296875,0.1383056640625,0.17099609375,0.0779541015625
42,0,42,0_42,88.0126953125,94.55078125,122.2119140625,0.0326904296875,0.1383056640625,0.17099609375,0.0779541015625
43,0,43,0_43,88.515625,94.55078125,123.2177734375,0.03017578125,0.1433349609375,0.1735107421875,0.08046875
44,0,44,0_44,88.515625,94.55078125,125.2294921875,0.03017578125,0.1533935546875,0.1835693359375,0.08046875
45,0,45,0_45,88.0126953125,94.55078125,126.73828125,0.0326904296875,0.1609375,0.1936279296875,0.0779541015625
46,0,46,0_46,88.515625,94.55078125,123.720703125,0.03017578125,0.145849609375,0.176025390625,0.08046875
47,0,47,0_47,88.515625,94.55078125,122.71484375,0.03017578125,0.1408203125,0.17099609375,0.08046875
48,0,48,0_48,88.515625,94.55078125,124.7265625,0.03017578125,0.15087890625,0.1810546875,0.08046875
49,0,49,0_49,89.0185546875,94.55078125,123.720703125,0.0276611328125,0.145849609375,0.1735107421875,0.0829833984375
50,0,50,0_50,88.515625,95.0537109375,123.720703125,0.0326904296875,0.1433349609375,0.176025390625,0.08046875
51,0,51,0_51,89.521484375,95.0537109375,124.7265625,0.0276611328125,0.1483642578125,0.176025390625,0.085498046875
52,0,52,0_52,89.521484375,95.556640625,124.7265625,0.03017578125,0.145849609375,0.176025390625,0.085498046875
53,0,53,0_53,89.521484375,95.556640625,125.2294921875,0.03017578125,0.1483642578125,0.1785400390625,0.085498046875
54,0,54,0_54,89.521484375,95.556640625,124.7265625,0.03017578125,0.145849609375,0.176025390625,0.085498046875
55,0,55,0_55,89.521484375,95.556640625,131.767578125,0.03017578125,0.1810546875,0.21123046875,0.085498046875
56,0,56,0_56,89.521484375,95.556640625,125.732421875,0.03017578125,0.15087890625,0.1810546875,0.085498046875
57,0,57,0_57,89.521484375,96.0595703125,124.7265625,0.0326904296875,0.1433349609375,0.176025390625,0.085498046875
58,0,58,0_58,89.521484375,96.0595703125,130.76171875,0.0326904296875,0.1735107421875,0.206201171875,0.085498046875
59,0,59,0_59,89.521484375,96.5625,123.720703125,0.035205078125,0.135791015625,0.17099609375,0.085498046875
60,0,60,0_60,90.0244140625,96.5625,126.73828125,0.0326904296875,0.15087890625,0.1835693359375,0.0880126953125
61,0,61,0_61,90.52734375,96.5625,132.2705078125,0.03017578125,0.1785400390625,0.2087158203125,0.09052734375
62,0,62,0_62,90.52734375,96.5625,125.732421875,0.03017578125,0.145849609375,0.176025390625,0.09052734375
63,0,63,0_63,90.52734375,96.5625,129.755859375,0.03017578125,0.165966796875,0.196142578125,0.09052734375
64,0,64,0_64,89.521484375,96.5625,126.73828125,0.035205078125,0.15087890625,0.186083984375,0.085498046875
65,0,65,0_65,89.521484375,96.5625,127.2412109375,0.035205078125,0.1533935546875,0.1885986328125,0.085498046875
66,0,66,0_66,89.521484375,95.556640625,127.2412109375,0.03017578125,0.1584228515625,0.1885986328125,0.085498046875
67,0,67,0_67,89.521484375,96.0595703125,127.2412109375,0.0326904296875,0.155908203125,0.1885986328125,0.085498046875
68,0,68,0_68,89.521484375,96.0595703125,130.76171875,0.0326904296875,0.1735107421875,0.206201171875,0.085498046875
69,0,69,0_69,89.521484375,96.5625,127.744140625,0.035205078125,0.155908203125,0.19111328125,0.085498046875
70,0,70,0_70,89.521484375,96.0595703125,123.720703125,0.0326904296875,0.1383056640625,0.17099609375,0.085498046875
71,0,71,0_71,89.521484375,95.556640625,127.2412109375,0.03017578125,0.1584228515625,0.1885986328125,0.085498046875
72,0,72,0_72,89.521484375,95.556640625,125.732421875,0.03017578125,0.15087890625,0.1810546875,0.085498046875
73,0,73,0_73,88.515625,95.556640625,126.2353515625,0.035205078125,0.1533935546875,0.1885986328125,0.08046875
74,0,74,0_74,88.515625,95.556640625,126.73828125,0.035205078125,0.155908203125,0.19111328125,0.08046875
75,0,75,0_75,89.521484375,95.556640625,123.720703125,0.03017578125,0.1408203125,0.17099609375,0.085498046875
76,0,76,0_76,89.521484375,95.556640625,127.2412109375,0.03017578125,0.1584228515625,0.1885986328125,0.085498046875
77,0,77,0_77,89.521484375,95.556640625,132.2705078125,0.03017578125,0.1835693359375,0.2137451171875,0.085498046875
78,0,78,0_78,89.521484375,95.556640625,128.2470703125,0.03017578125,0.1634521484375,0.1936279296875,0.085498046875
79,0,79,0_79,89.521484375,95.0537109375,127.2412109375,0.0276611328125,0.1609375,0.1885986328125,0.085498046875
80,0,80,0_80,88.515625,95.0537109375,127.2412109375,0.0326904296875,0.1609375,0.1936279296875,0.08046875
81,0,81,0_81,89.521484375,95.556640625,127.744140625,0.03017578125,0.1609375,0.19111328125,0.085498046875
82,0,82,0_82,89.0185546875,95.556640625,126.73828125,0.0326904296875,0.155908203125,0.1885986328125,0.0829833984375
83,0,83,0_83,89.0185546875,95.556640625,126.2353515625,0.0326904296875,0.1533935546875,0.186083984375,0.0829833984375
84,0,84,0_84,89.521484375,95.556640625,132.2705078125,0.03017578125,0.1835693359375,0.2137451171875,0.085498046875
85,0,85,0_85,89.521484375,96.5625,132.2705078125,0.035205078125,0.1785400390625,0.2137451171875,0.085498046875
86,0,86,0_86,90.52734375,96.5625,131.767578125,0.03017578125,0.176025390625,0.206201171875,0.09052734375
87,0,87,0_87,91.533203125,97.568359375,130.76171875,0.03017578125,0.165966796875,0.196142578125,0.095556640625
88,0,88,0_88,92.5390625,98.57421875,130.76171875,0.03017578125,0.1609375,0.19111328125,0.1005859375
89,0,89,0_89,93.544921875,100.0830078125,130.2587890625,0.0326904296875,0.15087890625,0.1835693359375,0.105615234375
90,0,90,0_90,94.55078125,100.5859375,128.2470703125,0.03017578125,0.1383056640625,0.1684814453125,0.11064453125
91,0,91,0_91,95.0537109375,101.591796875,130.2587890625,0.0326904296875,0.1433349609375,0.176025390625,0.1131591796875
92,0,92,0_92,95.556640625,102.0947265625,132.2705078125,0.0326904296875,0.15087890625,0.1835693359375,0.115673828125
93,0,93,0_93,96.5625,103.1005859375,133.2763671875,0.0326904296875,0.15087890625,0.1835693359375,0.120703125
94,0,94,0_94,97.568359375,104.609375,133.779296875,0.035205078125,0.145849609375,0.1810546875,0.125732421875
95,0,95,0_95,98.57421875,104.609375,131.767578125,0.03017578125,0.135791015625,0.165966796875,0.13076171875
96,0,96,0_96,99.580078125,105.615234375,132.7734375,0.03017578125,0.135791015625,0.165966796875,0.135791015625
97,0,97,0_97,99.580078125,106.62109375,139.3115234375,0.035205078125,0.1634521484375,0.1986572265625,0.135791015625
98,0,98,0_98,100.5859375,107.1240234375,136.796875,0.0326904296875,0.1483642578125,0.1810546875,0.1408203125
99,0,99,0_99,101.591796875,108.6328125,135.2880859375,0.035205078125,0.1332763671875,0.1684814453125,0.145849609375
100,0,100,0_100,102.59765625,109.1357421875,139.814453125,0.0326904296875,0.1533935546875,0.186083984375,0.15087890625
101,1,1,1_1,103.603515625,109.638671875,139.814453125,0.03017578125,0.15087890625,0.1810546875,0.155908203125
102,1,2,1_2,103.603515625,110.64453125,139.814453125,0.035205078125,0.145849609375,0.1810546875,0.155908203125
103,1,3,1_3,104.609375,111.1474609375,139.814453125,0.0326904296875,0.1433349609375,0.176025390625,0.1609375
104,1,4,1_4,105.615234375,111.650390625,138.80859375,0.03017578125,0.135791015625,0.165966796875,0.165966796875
105,1,5,1_5,107.1240234375,113.1591796875,143.837890625,0.03017578125,0.1533935546875,0.1835693359375,0.1735107421875
106,1,6,1_6,107.626953125,113.662109375,143.837890625,0.03017578125,0.15087890625,0.1810546875,0.176025390625
107,1,7,1_7,107.626953125,113.1591796875,143.837890625,0.0276611328125,0.1533935546875,0.1810546875,0.176025390625
108,1,8,1_8,107.1240234375,113.1591796875,143.837890625,0.03017578125,0.1533935546875,0.1835693359375,0.1735107421875
109,1,9,1_9,107.626953125,113.1591796875,140.3173828125,0.0276611328125,0.135791015625,0.1634521484375,0.176025390625
110,1,10,1_10,108.6328125,114.1650390625,143.837890625,0.0276611328125,0.1483642578125,0.176025390625,0.1810546875
111,1,11,1_11,107.626953125,114.1650390625,143.3349609375,0.0326904296875,0.145849609375,0.1785400390625,0.176025390625
112,1,12,1_12,107.626953125,113.1591796875,142.3291015625,0.0276611328125,0.145849609375,0.1735107421875,0.176025390625
113,1,13,1_13,108.6328125,114.1650390625,144.3408203125,0.0276611328125,0.15087890625,0.1785400390625,0.1810546875
114,1,14,1_14,108.1298828125,114.66796875,144.3408203125,0.0326904296875,0.1483642578125,0.1810546875,0.1785400390625
115,1,15,1_15,108.6328125,114.66796875,144.84375,0.03017578125,0.15087890625,0.1810546875,0.1810546875
116,1,16,1_16,108.1298828125,114.66796875,144.84375,0.0326904296875,0.15087890625,0.1835693359375,0.1785400390625
117,1,17,1_17,108.6328125,114.66796875,145.849609375,0.03017578125,0.155908203125,0.186083984375,0.1810546875
118,1,18,1_18,108.6328125,114.1650390625,146.85546875,0.0276611328125,0.1634521484375,0.19111328125,0.1810546875
119,1,19,1_19,107.1240234375,114.66796875,144.84375,0.0377197265625,0.15087890625,0.1885986328125,0.1735107421875
120,1,20,1_20,107.1240234375,114.66796875,144.84375,0.0377197265625,0.15087890625,0.1885986328125,0.1735107421875
121,1,21,1_21,108.1298828125,114.66796875,146.85546875,0.0326904296875,0.1609375,0.1936279296875,0.1785400390625
122,1,22,1_22,107.626953125,114.66796875,143.837890625,0.035205078125,0.145849609375,0.1810546875,0.176025390625
123,1,23,1_23,108.6328125,114.66796875,146.85546875,0.03017578125,0.1609375,0.19111328125,0.1810546875
124,1,24,1_24,108.6328125,115.1708984375,146.3525390625,0.0326904296875,0.155908203125,0.1885986328125,0.1810546875
125,1,25,1_25,108.6328125,115.1708984375,146.3525390625,0.0326904296875,0.155908203125,0.1885986328125,0.1810546875
126,1,26,1_26,109.1357421875,115.673828125,145.3466796875,0.0326904296875,0.1483642578125,0.1810546875,0.1835693359375
127,1,27,1_27,109.638671875,115.673828125,146.3525390625,0.03017578125,0.1533935546875,0.1835693359375,0.186083984375
128,1,28,1_28,109.638671875,116.1767578125,147.3583984375,0.0326904296875,0.155908203125,0.1885986328125,0.186083984375
129,1,29,1_29,109.638671875,116.6796875,146.85546875,0.035205078125,0.15087890625,0.186083984375,0.186083984375
130,1,30,1_30,109.638671875,116.6796875,146.85546875,0.035205078125,0.15087890625,0.186083984375,0.186083984375
131,1,31,1_31,109.638671875,116.1767578125,146.85546875,0.0326904296875,0.1533935546875,0.186083984375,0.186083984375
132,1,32,1_32,109.638671875,116.6796875,146.85546875,0.035205078125,0.15087890625,0.186083984375,0.186083984375
133,1,33,1_33,110.1416015625,116.6796875,149.3701171875,0.0326904296875,0.1634521484375,0.196142578125,0.1885986328125
134,1,34,1_34,110.64453125,116.6796875,149.873046875,0.03017578125,0.165966796875,0.196142578125,0.19111328125
135,1,35,1_35,110.64453125,116.6796875,146.85546875,0.03017578125,0.15087890625,0.1810546875,0.19111328125
136,1,36,1_36,110.1416015625,116.6796875,147.3583984375,0.0326904296875,0.1533935546875,0.186083984375,0.1885986328125
137,1,37,1_37,110.64453125,117.1826171875,145.3466796875,0.0326904296875,0.1408203125,0.1735107421875,0.19111328125
138,1,38,1_38,110.1416015625,116.6796875,146.85546875,0.0326904296875,0.15087890625,0.1835693359375,0.1885986328125
139,1,39,1_39,110.64453125,117.1826171875,146.85546875,0.0326904296875,0.1483642578125,0.1810546875,0.19111328125
140,1,40,1_40,110.64453125,117.685546875,146.85546875,0.035205078125,0.145849609375,0.1810546875,0.19111328125
141,1,41,1_41,111.1474609375,117.685546875,147.3583984375,0.0326904296875,0.1483642578125,0.1810546875,0.1936279296875
142,1,42,1_42,110.64453125,116.6796875,146.85546875,0.03017578125,0.15087890625,0.1810546875,0.19111328125
143,1,43,1_43,109.638671875,116.6796875,146.85546875,0.035205078125,0.15087890625,0.186083984375,0.186083984375
144,1,44,1_44,110.64453125,117.1826171875,146.85546875,0.0326904296875,0.1483642578125,0.1810546875,0.19111328125
145,1,45,1_45,110.64453125,117.685546875,146.85546875,0.035205078125,0.145849609375,0.1810546875,0.19111328125
146,1,46,1_46,110.64453125,117.685546875,146.85546875,0.035205078125,0.145849609375,0.1810546875,0.19111328125
147,1,47,1_47,110.64453125,117.685546875,146.3525390625,0.035205078125,0.1433349609375,0.1785400390625,0.19111328125
148,1,48,1_48,110.64453125,117.1826171875,146.85546875,0.0326904296875,0.1483642578125,0.1810546875,0.19111328125
149,1,49,1_49,110.1416015625,116.6796875,151.3818359375,0.0326904296875,0.1735107421875,0.206201171875,0.1885986328125
150,1,50,1_50,110.1416015625,117.1826171875,146.85546875,0.035205078125,0.1483642578125,0.1835693359375,0.1885986328125
151,1,51,1_51,111.1474609375,118.1884765625,148.3642578125,0.035205078125,0.15087890625,0.186083984375,0.1936279296875
152,1,52,1_52,111.1474609375,118.1884765625,147.861328125,0.035205078125,0.1483642578125,0.1835693359375,0.1936279296875
153,1,53,1_53,110.64453125,117.685546875,145.849609375,0.035205078125,0.1408203125,0.176025390625,0.19111328125
154,1,54,1_54,110.64453125,117.685546875,145.3466796875,0.035205078125,0.1383056640625,0.1735107421875,0.19111328125
155,1,55,1_55,110.64453125,117.685546875,145.849609375,0.035205078125,0.1408203125,0.176025390625,0.19111328125
156,1,56,1_56,111.650390625,118.1884765625,148.3642578125,0.0326904296875,0.15087890625,0.1835693359375,0.196142578125
157,1,57,1_57,111.1474609375,118.1884765625,146.3525390625,0.035205078125,0.1408203125,0.176025390625,0.1936279296875
158,1,58,1_58,111.1474609375,118.69140625,146.85546875,0.0377197265625,0.1408203125,0.1785400390625,0.1936279296875
159,1,59,1_59,109.638671875,116.6796875,144.84375,0.035205078125,0.1408203125,0.176025390625,0.186083984375
160,1,60,1_60,109.638671875,117.1826171875,145.849609375,0.0377197265625,0.1433349609375,0.1810546875,0.186083984375
161,1,61,1_61,109.1357421875,117.1826171875,144.84375,0.040234375,0.1383056640625,0.1785400390625,0.1835693359375
162,1,62,1_62,109.638671875,116.6796875,144.84375,0.035205078125,0.1408203125,0.176025390625,0.186083984375
163,1,63,1_63,108.6328125,116.6796875,144.84375,0.040234375,0.1408203125,0.1810546875,0.1810546875
164,1,64,1_64,108.6328125,116.6796875,144.3408203125,0.040234375,0.1383056640625,0.1785400390625,0.1810546875
165,1,65,1_65,108.6328125,116.1767578125,146.85546875,0.0377197265625,0.1533935546875,0.19111328125,0.1810546875
166,1,66,1_66,108.6328125,116.1767578125,144.84375,0.0377197265625,0.1433349609375,0.1810546875,0.1810546875
167,1,67,1_67,108.6328125,115.673828125,144.3408203125,0.035205078125,0.1433349609375,0.1785400390625,0.1810546875
168,1,68,1_68,109.1357421875,116.1767578125,144.84375,0.035205078125,0.1433349609375,0.1785400390625,0.1835693359375
169,1,69,1_69,109.638671875,116.6796875,144.84375,0.035205078125,0.1408203125,0.176025390625,0.186083984375
170,1,70,1_70,109.1357421875,116.1767578125,143.837890625,0.035205078125,0.1383056640625,0.1735107421875,0.1835693359375
171,1,71,1_71,108.6328125,115.673828125,144.84375,0.035205078125,0.145849609375,0.1810546875,0.1810546875
172,1,72,1_72,108.6328125,116.6796875,144.84375,0.040234375,0.1408203125,0.1810546875,0.1810546875
173,1,73,1_73,109.638671875,116.6796875,145.3466796875,0.035205078125,0.1433349609375,0.1785400390625,0.186083984375
174,1,74,1_74,108.6328125,115.673828125,144.3408203125,0.035205078125,0.1433349609375,0.1785400390625,0.1810546875
175,1,75,1_75,108.1298828125,115.673828125,144.84375,0.0377197265625,0.145849609375,0.1835693359375,0.1785400390625
176,1,76,1_76,108.1298828125,115.673828125,144.84375,0.0377197265625,0.145849609375,0.1835693359375,0.1785400390625
177,1,77,1_77,107.626953125,114.66796875,144.3408203125,0.035205078125,0.1483642578125,0.1835693359375,0.176025390625
178,1,78,1_78,107.626953125,114.66796875,146.85546875,0.035205078125,0.1609375,0.196142578125,0.176025390625
179,1,79,1_79,107.1240234375,115.1708984375,143.837890625,0.040234375,0.1433349609375,0.1835693359375,0.1735107421875
180,1,80,1_80,107.626953125,114.66796875,144.84375,0.035205078125,0.15087890625,0.186083984375,0.176025390625
181,1,81,1_81,107.1240234375,114.66796875,143.3349609375,0.0377197265625,0.1433349609375,0.1810546875,0.1735107421875
182,1,82,1_82,107.1240234375,114.66796875,142.83203125,0.0377197265625,0.1408203125,0.1785400390625,0.1735107421875
183,1,83,1_83,107.1240234375,113.662109375,142.83203125,0.0326904296875,0.145849609375,0.1785400390625,0.1735107421875
184,1,84,1_84,107.1240234375,113.662109375,142.83203125,0.0326904296875,0.145849609375,0.1785400390625,0.1735107421875
185,1,85,1_85,107.626953125,113.662109375,143.3349609375,0.03017578125,0.1483642578125,0.1785400390625,0.176025390625
186,1,86,1_86,106.1181640625,113.662109375,141.826171875,0.0377197265625,0.1408203125,0.1785400390625,0.1684814453125
187,1,87,1_87,105.615234375,112.65625,141.3232421875,0.035205078125,0.1433349609375,0.1785400390625,0.165966796875
188,1,88,1_88,106.1181640625,112.65625,143.3349609375,0.0326904296875,0.1533935546875,0.186083984375,0.1684814453125
189,1,89,1_89,104.609375,112.65625,147.3583984375,0.040234375,0.1735107421875,0.2137451171875,0.1609375
190,1,90,1_90,105.615234375,112.65625,142.83203125,0.035205078125,0.15087890625,0.186083984375,0.165966796875
191,1,91,1_91,104.609375,111.1474609375,142.83203125,0.0326904296875,0.1584228515625,0.19111328125,0.1609375
192,1,92,1_92,104.1064453125,110.64453125,143.3349609375,0.0326904296875,0.1634521484375,0.196142578125,0.1584228515625
193,1,93,1_93,103.603515625,110.64453125,142.83203125,0.035205078125,0.1609375,0.196142578125,0.155908203125
194,1,94,1_94,103.603515625,109.1357421875,140.8203125,0.0276611328125,0.1584228515625,0.186083984375,0.155908203125
195,1,95,1_95,103.1005859375,109.1357421875,139.814453125,0.03017578125,0.1533935546875,0.1835693359375,0.1533935546875
196,1,96,1_96,102.0947265625,108.6328125,138.80859375,0.0326904296875,0.15087890625,0.1835693359375,0.1483642578125
197,1,97,1_97,102.0947265625,108.6328125,139.814453125,0.0326904296875,0.155908203125,0.1885986328125,0.1483642578125
198,1,98,1_98,100.5859375,107.626953125,136.796875,0.035205078125,0.145849609375,0.1810546875,0.1408203125
199,1,99,1_99,100.5859375,106.62109375,136.2939453125,0.03017578125,0.1483642578125,0.1785400390625,0.1408203125
200,1,100,1_100,98.57421875,105.615234375,132.7734375,0.035205078125,0.135791015625,0.17099609375,0.13076171875
201,2,1,2_1,98.57421875,104.609375,136.2939453125,0.03017578125,0.1584228515625,0.1885986328125,0.13076171875
202,2,2,2_2,97.0654296875,103.1005859375,130.76171875,0.03017578125,0.1383056640625,0.1684814453125,0.1232177734375
203,2,3,2_3,95.556640625,102.59765625,135.791015625,0.035205078125,0.165966796875,0.201171875,0.115673828125
204,2,4,2_4,94.55078125,101.0888671875,132.7734375,0.0326904296875,0.1584228515625,0.19111328125,0.11064453125
205,2,5,2_5,94.0478515625,100.5859375,132.7734375,0.0326904296875,0.1609375,0.1936279296875,0.1081298828125
206,2,6,2_6,95.556640625,101.591796875,129.755859375,0.03017578125,0.1408203125,0.17099609375,0.115673828125
207,2,7,2_7,95.556640625,101.591796875,130.2587890625,0.03017578125,0.1433349609375,0.1735107421875,0.115673828125
208,2,8,2_8,95.556640625,102.0947265625,134.78515625,0.0326904296875,0.1634521484375,0.196142578125,0.115673828125
209,2,9,2_9,95.556640625,102.59765625,131.2646484375,0.035205078125,0.1433349609375,0.1785400390625,0.115673828125
210,2,10,2_10,96.5625,102.59765625,130.76171875,0.03017578125,0.1408203125,0.17099609375,0.120703125
211,2,11,2_11,97.568359375,104.609375,131.767578125,0.035205078125,0.135791015625,0.17099609375,0.125732421875
212,2,12,2_12,98.57421875,104.609375,135.791015625,0.03017578125,0.155908203125,0.186083984375,0.13076171875
213,2,13,2_13,98.57421875,105.1123046875,136.2939453125,0.0326904296875,0.155908203125,0.1885986328125,0.13076171875
214,2,14,2_14,98.0712890625,105.615234375,136.796875,0.0377197265625,0.155908203125,0.1936279296875,0.1282470703125
215,2,15,2_15,100.0830078125,106.62109375,134.78515625,0.0326904296875,0.1408203125,0.1735107421875,0.1383056640625
216,2,16,2_16,100.0830078125,106.62109375,133.779296875,0.0326904296875,0.135791015625,0.1684814453125,0.1383056640625
217,2,17,2_17,101.0888671875,107.626953125,140.8203125,0.0326904296875,0.165966796875,0.1986572265625,0.1433349609375
218,2,18,2_18,101.591796875,108.6328125,136.796875,0.035205078125,0.1408203125,0.176025390625,0.145849609375
219,2,19,2_19,102.59765625,109.1357421875,141.3232421875,0.0326904296875,0.1609375,0.1936279296875,0.15087890625
220,2,20,2_20,102.59765625,109.638671875,139.3115234375,0.035205078125,0.1483642578125,0.1835693359375,0.15087890625
221,2,21,2_21,103.603515625,110.64453125,141.3232421875,0.035205078125,0.1533935546875,0.1885986328125,0.155908203125
222,2,22,2_22,104.1064453125,110.64453125,141.826171875,0.0326904296875,0.155908203125,0.1885986328125,0.1584228515625
223,2,23,2_23,104.609375,111.1474609375,142.3291015625,0.0326904296875,0.155908203125,0.1885986328125,0.1609375
224,2,24,2_24,104.609375,112.65625,143.3349609375,0.040234375,0.1533935546875,0.1936279296875,0.1609375
225,2,25,2_25,105.615234375,112.65625,143.3349609375,0.035205078125,0.1533935546875,0.1885986328125,0.165966796875
226,2,26,2_26,104.609375,112.65625,143.837890625,0.040234375,0.155908203125,0.196142578125,0.1609375
227,2,27,2_27,106.1181640625,112.65625,142.83203125,0.0326904296875,0.15087890625,0.1835693359375,0.1684814453125
228,2,28,2_28,106.62109375,112.65625,144.3408203125,0.03017578125,0.1584228515625,0.1885986328125,0.17099609375
229,2,29,2_29,106.62109375,113.1591796875,143.837890625,0.0326904296875,0.1533935546875,0.186083984375,0.17099609375
230,2,30,2_30,105.615234375,114.66796875,145.3466796875,0.045263671875,0.1533935546875,0.1986572265625,0.165966796875
231,2,31,2_31,106.62109375,113.662109375,147.3583984375,0.035205078125,0.1684814453125,0.2036865234375,0.17099609375
232,2,32,2_32,106.1181640625,113.1591796875,144.3408203125,0.035205078125,0.155908203125,0.19111328125,0.1684814453125
233,2,33,2_33,107.626953125,114.66796875,146.85546875,0.035205078125,0.1609375,0.196142578125,0.176025390625
234,2,34,2_34,107.626953125,114.66796875,143.837890625,0.035205078125,0.145849609375,0.1810546875,0.176025390625
235,2,35,2_35,107.626953125,114.66796875,146.85546875,0.035205078125,0.1609375,0.196142578125,0.176025390625
236,2,36,2_36,107.626953125,114.66796875,147.3583984375,0.035205078125,0.1634521484375,0.1986572265625,0.176025390625
237,2,37,2_37,107.626953125,114.66796875,147.3583984375,0.035205078125,0.1634521484375,0.1986572265625,0.176025390625
238,2,38,2_38,108.1298828125,114.66796875,143.837890625,0.0326904296875,0.145849609375,0.1785400390625,0.1785400390625
239,2,39,2_39,107.1240234375,115.673828125,147.3583984375,0.0427490234375,0.1584228515625,0.201171875,0.1735107421875
240,2,40,2_40,108.1298828125,114.66796875,144.84375,0.0326904296875,0.15087890625,0.1835693359375,0.1785400390625
241,2,41,2_41,108.6328125,114.66796875,145.3466796875,0.03017578125,0.1533935546875,0.1835693359375,0.1810546875
242,2,42,2_42,108.1298828125,115.673828125,148.8671875,0.0377197265625,0.165966796875,0.2036865234375,0.1785400390625
243,2,43,2_43,108.6328125,115.673828125,148.8671875,0.035205078125,0.165966796875,0.201171875,0.1810546875
244,2,44,2_44,108.6328125,115.1708984375,146.85546875,0.0326904296875,0.1584228515625,0.19111328125,0.1810546875
245,2,45,2_45,108.1298828125,116.6796875,146.85546875,0.0427490234375,0.15087890625,0.1936279296875,0.1785400390625
246,2,46,2_46,109.1357421875,115.1708984375,144.84375,0.03017578125,0.1483642578125,0.1785400390625,0.1835693359375
247,2,47,2_47,109.1357421875,115.673828125,149.3701171875,0.0326904296875,0.1684814453125,0.201171875,0.1835693359375
248,2,48,2_48,108.1298828125,115.1708984375,148.8671875,0.035205078125,0.1684814453125,0.2036865234375,0.1785400390625
249,2,49,2_49,109.1357421875,116.6796875,146.85546875,0.0377197265625,0.15087890625,0.1885986328125,0.1835693359375
250,2,50,2_50,109.638671875,116.6796875,147.861328125,0.035205078125,0.155908203125,0.19111328125,0.186083984375
251,2,51,2_51,109.638671875,116.6796875,148.3642578125,0.035205078125,0.1584228515625,0.1936279296875,0.186083984375
252,2,52,2_52,108.6328125,116.1767578125,151.3818359375,0.0377197265625,0.176025390625,0.2137451171875,0.1810546875
253,2,53,2_53,109.1357421875,116.6796875,149.3701171875,0.0377197265625,0.1634521484375,0.201171875,0.1835693359375
254,2,54,2_54,109.638671875,116.6796875,147.861328125,0.035205078125,0.155908203125,0.19111328125,0.186083984375
255,2,55,2_55,110.1416015625,117.1826171875,146.85546875,0.035205078125,0.1483642578125,0.1835693359375,0.1885986328125
256,2,56,2_56,109.638671875,116.6796875,146.85546875,0.035205078125,0.15087890625,0.186083984375,0.186083984375
257,2,57,2_57,108.6328125,116.1767578125,147.861328125,0.0377197265625,0.1584228515625,0.196142578125,0.1810546875
258,2,58,2_58,109.638671875,116.6796875,150.87890625,0.035205078125,0.17099609375,0.206201171875,0.186083984375
259,2,59,2_59,109.1357421875,116.6796875,149.3701171875,0.0377197265625,0.1634521484375,0.201171875,0.1835693359375
260,2,60,2_60,110.1416015625,116.6796875,148.8671875,0.0326904296875,0.1609375,0.1936279296875,0.1885986328125
261,2,61,2_61,110.1416015625,116.6796875,148.8671875,0.0326904296875,0.1609375,0.1936279296875,0.1885986328125
262,2,62,2_62,109.638671875,116.6796875,150.87890625,0.035205078125,0.17099609375,0.206201171875,0.186083984375
263,2,63,2_63,109.1357421875,116.6796875,148.8671875,0.0377197265625,0.1609375,0.1986572265625,0.1835693359375
264,2,64,2_64,109.1357421875,116.1767578125,148.3642578125,0.035205078125,0.1609375,0.196142578125,0.1835693359375
265,2,65,2_65,109.638671875,116.6796875,146.85546875,0.035205078125,0.15087890625,0.186083984375,0.186083984375
266,2,66,2_66,109.638671875,116.6796875,149.3701171875,0.035205078125,0.1634521484375,0.1986572265625,0.186083984375
267,2,67,2_67,108.6328125,116.6796875,150.87890625,0.040234375,0.17099609375,0.21123046875,0.1810546875
268,2,68,2_68,108.6328125,116.6796875,146.85546875,0.040234375,0.15087890625,0.19111328125,0.1810546875
269,2,69,2_69,108.6328125,116.6796875,147.861328125,0.040234375,0.155908203125,0.196142578125,0.1810546875
270,2,70,2_70,108.6328125,116.6796875,145.849609375,0.040234375,0.145849609375,0.186083984375,0.1810546875
271,2,71,2_71,109.638671875,116.6796875,147.861328125,0.035205078125,0.155908203125,0.19111328125,0.186083984375
272,2,72,2_72,110.64453125,116.6796875,148.3642578125,0.03017578125,0.1584228515625,0.1885986328125,0.19111328125
273,2,73,2_73,109.1357421875,116.6796875,148.8671875,0.0377197265625,0.1609375,0.1986572265625,0.1835693359375
274,2,74,2_74,109.1357421875,116.6796875,147.3583984375,0.0377197265625,0.1533935546875,0.19111328125,0.1835693359375
275,2,75,2_75,108.6328125,116.6796875,148.8671875,0.040234375,0.1609375,0.201171875,0.1810546875
276,2,76,2_76,110.1416015625,116.6796875,149.3701171875,0.0326904296875,0.1634521484375,0.196142578125,0.1885986328125
277,2,77,2_77,108.6328125,116.6796875,146.85546875,0.040234375,0.15087890625,0.19111328125,0.1810546875
278,2,78,2_78,109.1357421875,116.6796875,144.84375,0.0377197265625,0.1408203125,0.1785400390625,0.1835693359375
279,2,79,2_79,109.638671875,116.6796875,147.3583984375,0.035205078125,0.1533935546875,0.1885986328125,0.186083984375
280,2,80,2_80,109.1357421875,116.6796875,145.3466796875,0.0377197265625,0.1433349609375,0.1810546875,0.1835693359375
281,2,81,2_81,108.1298828125,114.66796875,146.3525390625,0.0326904296875,0.1584228515625,0.19111328125,0.1785400390625
282,2,82,2_82,108.1298828125,115.1708984375,146.3525390625,0.035205078125,0.155908203125,0.19111328125,0.1785400390625
283,2,83,2_83,108.6328125,114.66796875,145.3466796875,0.03017578125,0.1533935546875,0.1835693359375,0.1810546875
284,2,84,2_84,108.6328125,114.66796875,146.3525390625,0.03017578125,0.1584228515625,0.1885986328125,0.1810546875
285,2,85,2_85,106.62109375,114.66796875,144.84375,0.040234375,0.15087890625,0.19111328125,0.17099609375
286,2,86,2_86,108.1298828125,114.66796875,146.85546875,0.0326904296875,0.1609375,0.1936279296875,0.1785400390625
287,2,87,2_87,108.1298828125,114.66796875,145.849609375,0.0326904296875,0.155908203125,0.1885986328125,0.1785400390625
288,2,88,2_88,108.6328125,114.66796875,146.85546875,0.03017578125,0.1609375,0.19111328125,0.1810546875
289,2,89,2_89,107.626953125,114.66796875,146.85546875,0.035205078125,0.1609375,0.196142578125,0.176025390625
290,2,90,2_90,108.1298828125,115.1708984375,144.3408203125,0.035205078125,0.145849609375,0.1810546875,0.1785400390625
291,2,91,2_91,107.626953125,114.66796875,145.3466796875,0.035205078125,0.1533935546875,0.1885986328125,0.176025390625
292,2,92,2_92,108.6328125,114.66796875,144.84375,0.03017578125,0.15087890625,0.1810546875,0.1810546875
293,2,93,2_93,108.1298828125,114.66796875,145.849609375,0.0326904296875,0.155908203125,0.1885986328125,0.1785400390625
294,2,94,2_94,108.6328125,114.66796875,146.85546875,0.03017578125,0.1609375,0.19111328125,0.1810546875
295,2,95,2_95,106.62109375,114.66796875,147.861328125,0.040234375,0.165966796875,0.206201171875,0.17099609375
296,2,96,2_96,107.626953125,114.66796875,145.849609375,0.035205078125,0.155908203125,0.19111328125,0.176025390625
297,2,97,2_97,107.626953125,114.66796875,144.84375,0.035205078125,0.15087890625,0.186083984375,0.176025390625
298,2,98,2_98,107.626953125,114.66796875,147.3583984375,0.035205078125,0.1634521484375,0.1986572265625,0.176025390625
299,2,99,2_99,108.1298828125,114.66796875,146.85546875,0.0326904296875,0.1609375,0.1936279296875,0.1785400390625
300,2,100,2_100,108.1298828125,114.66796875,145.3466796875,0.0326904296875,0.1533935546875,0.186083984375,0.1785400390625
301,3,1,3_1,107.1240234375,114.66796875,147.3583984375,0.0377197265625,0.1634521484375,0.201171875,0.1735107421875
302,3,2,3_2,106.62109375,114.66796875,143.837890625,0.040234375,0.145849609375,0.186083984375,0.17099609375
303,3,3,3_3,106.62109375,113.662109375,144.3408203125,0.035205078125,0.1533935546875,0.1885986328125,0.17099609375
304,3,4,3_4,105.1123046875,114.66796875,143.3349609375,0.0477783203125,0.1433349609375,0.19111328125,0.1634521484375
305,3,5,3_5,107.1240234375,114.66796875,144.3408203125,0.0377197265625,0.1483642578125,0.186083984375,0.1735107421875
306,3,6,3_6,106.62109375,113.1591796875,144.84375,0.0326904296875,0.1584228515625,0.19111328125,0.17099609375
307,3,7,3_7,105.615234375,113.662109375,144.84375,0.040234375,0.155908203125,0.196142578125,0.165966796875
308,3,8,3_8,106.62109375,113.1591796875,143.837890625,0.0326904296875,0.1533935546875,0.186083984375,0.17099609375
309,3,9,3_9,106.1181640625,112.65625,143.3349609375,0.0326904296875,0.1533935546875,0.186083984375,0.1684814453125
310,3,10,3_10,106.1181640625,113.1591796875,143.837890625,0.035205078125,0.1533935546875,0.1885986328125,0.1684814453125
311,3,11,3_11,106.62109375,112.65625,142.3291015625,0.03017578125,0.1483642578125,0.1785400390625,0.17099609375
312,3,12,3_12,105.1123046875,112.65625,142.83203125,0.0377197265625,0.15087890625,0.1885986328125,0.1634521484375
313,3,13,3_13,105.1123046875,112.65625,142.83203125,0.0377197265625,0.15087890625,0.1885986328125,0.1634521484375
314,3,14,3_14,105.615234375,111.650390625,142.83203125,0.03017578125,0.155908203125,0.186083984375,0.165966796875
315,3,15,3_15,104.609375,111.1474609375,144.84375,0.0326904296875,0.1684814453125,0.201171875,0.1609375
316,3,16,3_16,103.1005859375,110.64453125,144.3408203125,0.0377197265625,0.1684814453125,0.206201171875,0.1533935546875
317,3,17,3_17,104.609375,110.64453125,140.3173828125,0.03017578125,0.1483642578125,0.1785400390625,0.1609375
318,3,18,3_18,103.603515625,109.638671875,137.2998046875,0.03017578125,0.1383056640625,0.1684814453125,0.155908203125
319,3,19,3_19,103.603515625,109.1357421875,137.2998046875,0.0276611328125,0.1408203125,0.1684814453125,0.155908203125
320,3,20,3_20,101.591796875,108.6328125,135.2880859375,0.035205078125,0.1332763671875,0.1684814453125,0.145849609375
321,3,21,3_21,100.5859375,108.1298828125,140.8203125,0.0377197265625,0.1634521484375,0.201171875,0.1408203125
322,3,22,3_22,99.0771484375,107.1240234375,134.78515625,0.040234375,0.1383056640625,0.1785400390625,0.1332763671875
323,3,23,3_23,97.0654296875,106.1181640625,134.78515625,0.045263671875,0.1433349609375,0.1885986328125,0.1232177734375
324,3,24,3_24,98.0712890625,105.1123046875,132.7734375,0.035205078125,0.1383056640625,0.1735107421875,0.1282470703125
325,3,25,3_25,97.0654296875,104.1064453125,131.2646484375,0.035205078125,0.135791015625,0.17099609375,0.1232177734375
326,3,26,3_26,94.55078125,103.1005859375,131.2646484375,0.0427490234375,0.1408203125,0.1835693359375,0.11064453125
327,3,27,3_27,95.556640625,104.609375,134.78515625,0.045263671875,0.15087890625,0.196142578125,0.115673828125
328,3,28,3_28,97.568359375,104.609375,135.791015625,0.035205078125,0.155908203125,0.19111328125,0.125732421875
329,3,29,3_29,98.0712890625,105.1123046875,132.2705078125,0.035205078125,0.135791015625,0.17099609375,0.1282470703125
330,3,30,3_30,98.57421875,106.62109375,133.779296875,0.040234375,0.135791015625,0.176025390625,0.13076171875
331,3,31,3_31,99.580078125,106.62109375,133.2763671875,0.035205078125,0.1332763671875,0.1684814453125,0.135791015625
332,3,32,3_32,100.5859375,107.1240234375,136.2939453125,0.0326904296875,0.145849609375,0.1785400390625,0.1408203125
333,3,33,3_33,101.0888671875,108.6328125,140.3173828125,0.0377197265625,0.1584228515625,0.196142578125,0.1433349609375
334,3,34,3_34,101.591796875,108.6328125,136.2939453125,0.035205078125,0.1383056640625,0.1735107421875,0.145849609375
335,3,35,3_35,101.0888671875,108.6328125,137.2998046875,0.0377197265625,0.1433349609375,0.1810546875,0.1433349609375
336,3,36,3_36,102.59765625,110.1416015625,141.826171875,0.0377197265625,0.1584228515625,0.196142578125,0.15087890625
337,3,37,3_37,103.1005859375,110.64453125,142.83203125,0.0377197265625,0.1609375,0.1986572265625,0.1533935546875
338,3,38,3_38,104.1064453125,110.64453125,144.84375,0.0326904296875,0.17099609375,0.2036865234375,0.1584228515625
339,3,39,3_39,105.1123046875,110.64453125,140.8203125,0.0276611328125,0.15087890625,0.1785400390625,0.1634521484375
340,3,40,3_40,104.609375,111.650390625,142.83203125,0.035205078125,0.155908203125,0.19111328125,0.1609375
341,3,41,3_41,104.1064453125,112.1533203125,142.83203125,0.040234375,0.1533935546875,0.1936279296875,0.1584228515625
342,3,42,3_42,104.1064453125,112.1533203125,142.83203125,0.040234375,0.1533935546875,0.1936279296875,0.1584228515625
343,3,43,3_43,105.1123046875,112.65625,143.3349609375,0.0377197265625,0.1533935546875,0.19111328125,0.1634521484375
344,3,44,3_44,105.615234375,112.65625,142.83203125,0.035205078125,0.15087890625,0.186083984375,0.165966796875
345,3,45,3_45,106.1181640625,112.65625,142.3291015625,0.0326904296875,0.1483642578125,0.1810546875,0.1684814453125
346,3,46,3_46,106.1181640625,112.65625,143.837890625,0.0326904296875,0.155908203125,0.1885986328125,0.1684814453125
347,3,47,3_47,105.1123046875,113.1591796875,142.83203125,0.040234375,0.1483642578125,0.1885986328125,0.1634521484375
348,3,48,3_48,106.1181640625,112.65625,143.3349609375,0.0326904296875,0.1533935546875,0.186083984375,0.1684814453125
349,3,49,3_49,106.1181640625,112.65625,142.3291015625,0.0326904296875,0.1483642578125,0.1810546875,0.1684814453125
350,3,50,3_50,105.615234375,112.65625,144.84375,0.035205078125,0.1609375,0.196142578125,0.165966796875
351,3,51,3_51,106.1181640625,112.65625,144.84375,0.0326904296875,0.1609375,0.1936279296875,0.1684814453125
352,3,52,3_52,106.1181640625,113.1591796875,143.837890625,0.035205078125,0.1533935546875,0.1885986328125,0.1684814453125
353,3,53,3_53,106.1181640625,113.1591796875,144.84375,0.035205078125,0.1584228515625,0.1936279296875,0.1684814453125
354,3,54,3_54,104.609375,113.1591796875,143.3349609375,0.0427490234375,0.15087890625,0.1936279296875,0.1609375
355,3,55,3_55,106.62109375,113.1591796875,144.84375,0.0326904296875,0.1584228515625,0.19111328125,0.17099609375
356,3,56,3_56,106.1181640625,112.65625,143.837890625,0.0326904296875,0.155908203125,0.1885986328125,0.1684814453125
357,3,57,3_57,106.1181640625,112.65625,143.3349609375,0.0326904296875,0.1533935546875,0.186083984375,0.1684814453125
358,3,58,3_58,105.1123046875,113.1591796875,142.83203125,0.040234375,0.1483642578125,0.1885986328125,0.1634521484375
359,3,59,3_59,108.1298828125,114.66796875,142.83203125,0.0326904296875,0.1408203125,0.1735107421875,0.1785400390625
360,3,60,3_60,106.62109375,113.1591796875,144.3408203125,0.0326904296875,0.155908203125,0.1885986328125,0.17099609375
361,3,61,3_61,106.62109375,114.1650390625,144.3408203125,0.0377197265625,0.15087890625,0.1885986328125,0.17099609375
362,3,62,3_62,107.1240234375,114.1650390625,143.3349609375,0.035205078125,0.145849609375,0.1810546875,0.1735107421875
363,3,63,3_63,107.1240234375,114.66796875,147.861328125,0.0377197265625,0.165966796875,0.2036865234375,0.1735107421875
364,3,64,3_64,107.1240234375,114.66796875,143.3349609375,0.0377197265625,0.1433349609375,0.1810546875,0.1735107421875
365,3,65,3_65,106.62109375,114.66796875,144.84375,0.040234375,0.15087890625,0.19111328125,0.17099609375
366,3,66,3_66,106.1181640625,114.66796875,147.3583984375,0.0427490234375,0.1634521484375,0.206201171875,0.1684814453125
367,3,67,3_67,107.1240234375,114.66796875,143.837890625,0.0377197265625,0.145849609375,0.1835693359375,0.1735107421875
368,3,68,3_68,108.1298828125,114.66796875,145.849609375,0.0326904296875,0.155908203125,0.1885986328125,0.1785400390625
369,3,69,3_69,108.6328125,114.66796875,145.849609375,0.03017578125,0.155908203125,0.186083984375,0.1810546875
370,3,70,3_70,108.1298828125,114.66796875,143.837890625,0.0326904296875,0.145849609375,0.1785400390625,0.1785400390625
371,3,71,3_71,106.62109375,114.66796875,145.849609375,0.040234375,0.155908203125,0.196142578125,0.17099609375
372,3,72,3_72,108.6328125,114.66796875,145.849609375,0.03017578125,0.155908203125,0.186083984375,0.1810546875
373,3,73,3_73,109.1357421875,116.1767578125,143.837890625,0.035205078125,0.1383056640625,0.1735107421875,0.1835693359375
374,3,74,3_74,108.1298828125,115.1708984375,143.3349609375,0.035205078125,0.1408203125,0.176025390625,0.1785400390625
375,3,75,3_75,108.1298828125,114.66796875,144.84375,0.0326904296875,0.15087890625,0.1835693359375,0.1785400390625
376,3,76,3_76,108.6328125,115.1708984375,145.849609375,0.0326904296875,0.1533935546875,0.186083984375,0.1810546875
377,3,77,3_77,107.626953125,114.66796875,142.83203125,0.035205078125,0.1408203125,0.176025390625,0.176025390625
378,3,78,3_78,108.6328125,115.1708984375,144.84375,0.0326904296875,0.1483642578125,0.1810546875,0.1810546875
379,3,79,3_79,107.1240234375,114.66796875,142.83203125,0.0377197265625,0.1408203125,0.1785400390625,0.1735107421875
380,3,80,3_80,108.6328125,115.1708984375,146.85546875,0.0326904296875,0.1584228515625,0.19111328125,0.1810546875
381,3,81,3_81,108.6328125,116.1767578125,146.3525390625,0.0377197265625,0.15087890625,0.1885986328125,0.1810546875
382,3,82,3_82,108.6328125,115.1708984375,145.3466796875,0.0326904296875,0.15087890625,0.1835693359375,0.1810546875
383,3,83,3_83,107.626953125,114.66796875,140.8203125,0.035205078125,0.13076171875,0.165966796875,0.176025390625
384,3,84,3_84,107.1240234375,115.1708984375,144.84375,0.040234375,0.1483642578125,0.1885986328125,0.1735107421875
385,3,85,3_85,106.1181640625,114.66796875,146.3525390625,0.0427490234375,0.1584228515625,0.201171875,0.1684814453125
386,3,86,3_86,109.1357421875,116.1767578125,145.849609375,0.035205078125,0.1483642578125,0.1835693359375,0.1835693359375
387,3,87,3_87,108.1298828125,115.673828125,144.84375,0.0377197265625,0.145849609375,0.1835693359375,0.1785400390625
388,3,88,3_88,105.1123046875,114.66796875,140.8203125,0.0477783203125,0.13076171875,0.1785400390625,0.1634521484375
389,3,89,3_89,107.1240234375,114.66796875,145.3466796875,0.0377197265625,0.1533935546875,0.19111328125,0.1735107421875
390,3,90,3_90,109.638671875,115.1708984375,146.85546875,0.0276611328125,0.1584228515625,0.186083984375,0.186083984375
391,3,91,3_91,107.1240234375,116.1767578125,145.849609375,0.045263671875,0.1483642578125,0.1936279296875,0.1735107421875
392,3,92,3_92,108.6328125,114.66796875,142.3291015625,0.03017578125,0.1383056640625,0.1684814453125,0.1810546875
393,3,93,3_93,107.626953125,115.1708984375,144.84375,0.0377197265625,0.1483642578125,0.186083984375,0.176025390625
394,3,94,3_94,109.1357421875,116.1767578125,142.83203125,0.035205078125,0.1332763671875,0.1684814453125,0.1835693359375
395,3,95,3_95,107.626953125,115.1708984375,146.85546875,0.0377197265625,0.1584228515625,0.196142578125,0.176025390625
396,3,96,3_96,108.6328125,115.1708984375,144.3408203125,0.0326904296875,0.145849609375,0.1785400390625,0.1810546875
397,3,97,3_97,107.626953125,115.1708984375,146.3525390625,0.0377197265625,0.155908203125,0.1936279296875,0.176025390625
398,3,98,3_98,106.62109375,115.673828125,144.84375,0.045263671875,0.145849609375,0.19111328125,0.17099609375
399,3,99,3_99,108.6328125,116.1767578125,146.3525390625,0.0377197265625,0.15087890625,0.1885986328125,0.1810546875
400,3,100,3_100,109.1357421875,116.1767578125,145.849609375,0.035205078125,0.1483642578125,0.1835693359375,0.1835693359375
401,4,1,4_1,108.1298828125,116.1767578125,145.3466796875,0.040234375,0.145849609375,0.186083984375,0.1785400390625
402,4,2,4_2,106.62109375,114.66796875,141.826171875,0.040234375,0.135791015625,0.176025390625,0.17099609375
403,4,3,4_3,106.1181640625,114.66796875,143.3349609375,0.0427490234375,0.1433349609375,0.186083984375,0.1684814453125
404,4,4,4_4,105.615234375,114.66796875,143.837890625,0.045263671875,0.145849609375,0.19111328125,0.165966796875
405,4,5,4_5,106.1181640625,114.66796875,143.3349609375,0.0427490234375,0.1433349609375,0.186083984375,0.1684814453125
406,4,6,4_6,105.1123046875,114.1650390625,143.3349609375,0.045263671875,0.145849609375,0.19111328125,0.1634521484375
407,4,7,4_7,104.609375,114.1650390625,143.3349609375,0.0477783203125,0.145849609375,0.1936279296875,0.1609375
408,4,8,4_8,107.1240234375,114.1650390625,144.3408203125,0.035205078125,0.15087890625,0.186083984375,0.1735107421875
409,4,9,4_9,105.1123046875,114.1650390625,142.3291015625,0.045263671875,0.1408203125,0.186083984375,0.1634521484375
410,4,10,4_10,107.1240234375,114.1650390625,143.3349609375,0.035205078125,0.145849609375,0.1810546875,0.1735107421875
411,4,11,4_11,107.1240234375,115.1708984375,143.3349609375,0.040234375,0.1408203125,0.1810546875,0.1735107421875
412,4,12,4_12,105.1123046875,114.1650390625,143.3349609375,0.045263671875,0.145849609375,0.19111328125,0.1634521484375
413,4,13,4_13,104.609375,114.1650390625,143.3349609375,0.0477783203125,0.145849609375,0.1936279296875,0.1609375
414,4,14,4_14,104.609375,114.1650390625,144.3408203125,0.0477783203125,0.15087890625,0.1986572265625,0.1609375
415,4,15,4_15,105.1123046875,114.1650390625,144.3408203125,0.045263671875,0.15087890625,0.196142578125,0.1634521484375
416,4,16,4_16,105.1123046875,114.1650390625,141.3232421875,0.045263671875,0.135791015625,0.1810546875,0.1634521484375
417,4,17,4_17,103.603515625,113.1591796875,141.3232421875,0.0477783203125,0.1408203125,0.1885986328125,0.155908203125
418,4,18,4_18,103.1005859375,112.1533203125,140.8203125,0.045263671875,0.1433349609375,0.1885986328125,0.1533935546875
419,4,19,4_19,102.59765625,110.64453125,139.3115234375,0.040234375,0.1433349609375,0.1835693359375,0.15087890625
420,4,20,4_20,100.5859375,110.64453125,140.8203125,0.05029296875,0.15087890625,0.201171875,0.1408203125
421,4,21,4_21,101.591796875,110.64453125,141.3232421875,0.045263671875,0.1533935546875,0.1986572265625,0.145849609375
422,4,22,4_22,103.1005859375,110.64453125,139.3115234375,0.0377197265625,0.1433349609375,0.1810546875,0.1533935546875
423,4,23,4_23,101.591796875,111.1474609375,140.8203125,0.0477783203125,0.1483642578125,0.196142578125,0.145849609375
424,4,24,4_24,101.0888671875,110.64453125,140.8203125,0.0477783203125,0.15087890625,0.1986572265625,0.1433349609375
425,4,25,4_25,103.1005859375,110.64453125,138.80859375,0.0377197265625,0.1408203125,0.1785400390625,0.1533935546875
426,4,26,4_26,100.5859375,110.64453125,137.2998046875,0.05029296875,0.1332763671875,0.1835693359375,0.1408203125
427,4,27,4_27,98.57421875,108.6328125,136.2939453125,0.05029296875,0.1383056640625,0.1885986328125,0.13076171875
428,4,28,4_28,100.5859375,109.1357421875,135.2880859375,0.0427490234375,0.13076171875,0.1735107421875,0.1408203125
429,4,29,4_29,98.57421875,108.6328125,134.78515625,0.05029296875,0.13076171875,0.1810546875,0.13076171875
430,4,30,4_30,99.580078125,109.1357421875,134.78515625,0.0477783203125,0.1282470703125,0.176025390625,0.135791015625
431,4,31,4_31,99.580078125,108.6328125,135.791015625,0.045263671875,0.135791015625,0.1810546875,0.135791015625
432,4,32,4_32,99.580078125,108.6328125,136.796875,0.045263671875,0.1408203125,0.186083984375,0.135791015625
433,4,33,4_33,99.0771484375,109.1357421875,136.796875,0.05029296875,0.1383056640625,0.1885986328125,0.1332763671875
434,4,34,4_34,99.0771484375,108.1298828125,134.2822265625,0.045263671875,0.13076171875,0.176025390625,0.1332763671875
435,4,35,4_35,97.568359375,106.62109375,133.2763671875,0.045263671875,0.1332763671875,0.1785400390625,0.125732421875
436,4,36,4_36,97.0654296875,106.1181640625,132.7734375,0.045263671875,0.1332763671875,0.1785400390625,0.1232177734375
437,4,37,4_37,95.556640625,106.1181640625,132.7734375,0.0528076171875,0.1332763671875,0.186083984375,0.115673828125
438,4,38,4_38,95.556640625,105.1123046875,131.767578125,0.0477783203125,0.1332763671875,0.1810546875,0.115673828125
439,4,39,4_39,93.544921875,104.1064453125,131.767578125,0.0528076171875,0.1383056640625,0.19111328125,0.105615234375
440,4,40,4_40,94.0478515625,103.1005859375,130.76171875,0.045263671875,0.1383056640625,0.1835693359375,0.1081298828125
441,4,41,4_41,93.0419921875,102.59765625,130.2587890625,0.0477783203125,0.1383056640625,0.186083984375,0.1031005859375
442,4,42,4_42,91.533203125,101.591796875,127.744140625,0.05029296875,0.13076171875,0.1810546875,0.095556640625
443,4,43,4_43,91.0302734375,100.5859375,126.73828125,0.0477783203125,0.13076171875,0.1785400390625,0.0930419921875
444,4,44,4_44,90.52734375,99.580078125,128.75,0.045263671875,0.145849609375,0.19111328125,0.09052734375
445,4,45,4_45,89.521484375,98.57421875,129.755859375,0.045263671875,0.155908203125,0.201171875,0.085498046875
446,4,46,4_46,89.521484375,98.0712890625,125.732421875,0.0427490234375,0.1383056640625,0.1810546875,0.085498046875
447,4,47,4_47,87.509765625,97.568359375,124.2236328125,0.05029296875,0.1332763671875,0.1835693359375,0.075439453125
448,4,48,4_48,88.515625,96.5625,124.7265625,0.040234375,0.1408203125,0.1810546875,0.08046875
449,4,49,4_49,86.0009765625,96.5625,124.7265625,0.0528076171875,0.1408203125,0.1936279296875,0.0678955078125
450,4,50,4_50,88.0126953125,96.5625,124.2236328125,0.0427490234375,0.1383056640625,0.1810546875,0.0779541015625
451,4,51,4_51,87.0068359375,98.0712890625,127.2412109375,0.055322265625,0.145849609375,0.201171875,0.0729248046875
452,4,52,4_52,89.0185546875,97.568359375,124.7265625,0.0427490234375,0.135791015625,0.1785400390625,0.0829833984375
453,4,53,4_53,86.0009765625,98.0712890625,123.720703125,0.0603515625,0.1282470703125,0.1885986328125,0.0678955078125
454,4,54,4_54,88.515625,97.568359375,125.2294921875,0.045263671875,0.1383056640625,0.1835693359375,0.08046875
455,4,55,4_55,88.515625,97.0654296875,124.2236328125,0.0427490234375,0.135791015625,0.1785400390625,0.08046875
456,4,56,4_56,88.515625,97.568359375,124.2236328125,0.045263671875,0.1332763671875,0.1785400390625,0.08046875
457,4,57,4_57,88.515625,98.0712890625,127.2412109375,0.0477783203125,0.145849609375,0.1936279296875,0.08046875
458,4,58,4_58,88.515625,98.0712890625,125.732421875,0.0477783203125,0.1383056640625,0.186083984375,0.08046875
459,4,59,4_59,90.0244140625,98.0712890625,128.2470703125,0.040234375,0.15087890625,0.19111328125,0.0880126953125
460,4,60,4_60,89.0185546875,97.568359375,125.2294921875,0.0427490234375,0.1383056640625,0.1810546875,0.0829833984375
461,4,61,4_61,88.515625,97.568359375,124.7265625,0.045263671875,0.135791015625,0.1810546875,0.08046875
462,4,62,4_62,87.509765625,97.568359375,123.2177734375,0.05029296875,0.1282470703125,0.1785400390625,0.075439453125
463,4,63,4_63,88.515625,98.0712890625,128.2470703125,0.0477783203125,0.15087890625,0.1986572265625,0.08046875
464,4,64,4_64,87.509765625,97.568359375,124.7265625,0.05029296875,0.135791015625,0.186083984375,0.075439453125
465,4,65,4_65,88.0126953125,97.568359375,125.2294921875,0.0477783203125,0.1383056640625,0.186083984375,0.0779541015625
466,4,66,4_66,88.515625,98.0712890625,127.2412109375,0.0477783203125,0.145849609375,0.1936279296875,0.08046875
467,4,67,4_67,89.0185546875,98.57421875,127.2412109375,0.0477783203125,0.1433349609375,0.19111328125,0.0829833984375
468,4,68,4_68,88.515625,98.57421875,127.744140625,0.05029296875,0.145849609375,0.196142578125,0.08046875
469,4,69,4_69,89.0185546875,98.57421875,125.2294921875,0.0477783203125,0.1332763671875,0.1810546875,0.0829833984375
470,4,70,4_70,89.0185546875,98.57421875,127.744140625,0.0477783203125,0.145849609375,0.1936279296875,0.0829833984375
471,4,71,4_71,90.0244140625,99.0771484375,126.73828125,0.045263671875,0.1383056640625,0.1835693359375,0.0880126953125
472,4,72,4_72,90.0244140625,99.0771484375,126.73828125,0.045263671875,0.1383056640625,0.1835693359375,0.0880126953125
473,4,73,4_73,89.0185546875,99.0771484375,127.2412109375,0.05029296875,0.1408203125,0.19111328125,0.0829833984375
474,4,74,4_74,90.52734375,98.57421875,128.75,0.040234375,0.15087890625,0.19111328125,0.09052734375
475,4,75,4_75,89.0185546875,99.0771484375,125.732421875,0.05029296875,0.1332763671875,0.1835693359375,0.0829833984375
476,4,76,4_76,89.0185546875,99.0771484375,129.755859375,0.05029296875,0.1533935546875,0.2036865234375,0.0829833984375
477,4,77,4_77,88.515625,98.57421875,129.2529296875,0.05029296875,0.1533935546875,0.2036865234375,0.08046875
478,4,78,4_78,90.52734375,99.580078125,126.73828125,0.045263671875,0.135791015625,0.1810546875,0.09052734375
479,4,79,4_79,89.0185546875,98.57421875,126.2353515625,0.0477783203125,0.1383056640625,0.186083984375,0.0829833984375
480,4,80,4_80,89.0185546875,98.0712890625,126.73828125,0.045263671875,0.1433349609375,0.1885986328125,0.0829833984375
481,4,81,4_81,89.0185546875,98.0712890625,127.2412109375,0.045263671875,0.145849609375,0.19111328125,0.0829833984375
482,4,82,4_82,89.521484375,98.0712890625,124.7265625,0.0427490234375,0.1332763671875,0.176025390625,0.085498046875
483,4,83,4_83,88.515625,98.0712890625,129.755859375,0.0477783203125,0.1584228515625,0.206201171875,0.08046875
484,4,84,4_84,88.515625,98.57421875,127.2412109375,0.05029296875,0.1433349609375,0.1936279296875,0.08046875
485,4,85,4_85,90.0244140625,98.57421875,123.720703125,0.0427490234375,0.125732421875,0.1684814453125,0.0880126953125
486,4,86,4_86,88.515625,97.568359375,129.2529296875,0.045263671875,0.1584228515625,0.2036865234375,0.08046875
487,4,87,4_87,87.509765625,98.0712890625,125.732421875,0.0528076171875,0.1383056640625,0.19111328125,0.075439453125
488,4,88,4_88,88.0126953125,98.0712890625,127.744140625,0.05029296875,0.1483642578125,0.1986572265625,0.0779541015625
489,4,89,4_89,88.515625,98.0712890625,127.2412109375,0.0477783203125,0.145849609375,0.1936279296875,0.08046875
490,4,90,4_90,87.509765625,98.0712890625,127.2412109375,0.0528076171875,0.145849609375,0.1986572265625,0.075439453125
491,4,91,4_91,88.0126953125,98.0712890625,125.2294921875,0.05029296875,0.135791015625,0.186083984375,0.0779541015625
492,4,92,4_92,87.509765625,98.0712890625,126.73828125,0.0528076171875,0.1433349609375,0.196142578125,0.075439453125
493,4,93,4_93,89.0185546875,98.0712890625,125.2294921875,0.045263671875,0.135791015625,0.1810546875,0.0829833984375
494,4,94,4_94,88.0126953125,98.0712890625,124.7265625,0.05029296875,0.1332763671875,0.1835693359375,0.0779541015625
495,4,95,4_95,89.0185546875,98.0712890625,126.2353515625,0.045263671875,0.1408203125,0.186083984375,0.0829833984375
496,4,96,4_96,89.0185546875,98.0712890625,127.744140625,0.045263671875,0.1483642578125,0.1936279296875,0.0829833984375
497,4,97,4_97,88.515625,98.0712890625,126.2353515625,0.0477783203125,0.1408203125,0.1885986328125,0.08046875
498,4,98,4_98,89.0185546875,98.0712890625,126.73828125,0.045263671875,0.1433349609375,0.1885986328125,0.0829833984375
499,4,99,4_99,89.521484375,98.0712890625,125.732421875,0.0427490234375,0.1383056640625,0.1810546875,0.085498046875
500,4,100,4_100,88.515625,98.0712890625,127.2412109375,0.0477783203125,0.145849609375,0.1936279296875,0.08046875
